{
	"powers": [
		"vampire:bat_form",
		"vampire:bat_toggle",
		"vampire:fly",
		"vampire:bat_health",
		"vampire:life_suck",
		"vampire:night_vision",
		"vampire:immunity",
		"vampire:speed",
		"vampire:less_exhaustation",
		"vampire:cloth",
		"vampire:sun_weak",
		"origins:carnivore"
	],
	"icon": "minecraft:ghast_tear",
	"order": 10,
	"impact": 2,
	"name": "Vampire",
	"description": "Vampires are beings who roam the world searching for people whose blood they feed upon."
}
