{
	"type": "origins:active_self",
	"entity_action": {
		"type": "origins:if_else",
		"condition": {
			"type": "origins:power_active",
			"power": "vampire:bat_toggle"
		},
		"if_action": {
			"type": "origins:and",
			"actions": [{
					"type": "origins:execute_command",
					"command": "scale set 1 @s",
					"permission_level": 4
				},
				{
					"type": "origins:play_sound",
					"sound": "minecraft:entity.bat.loop"
				}
			]
		},
		"else_action": {
			"type": "origins:and",
			"actions": [{
					"type": "origins:execute_command",
					"command": "scale set 0.5 @s",
					"permission_level": 4
				},
				{
					"type": "origins:play_sound",
					"sound": "minecraft:entity.bat.takeoff"
				}
			]
		}
	},
	"cooldown": 1,
	"hud_render": {
		"should_render": false
	},
	"name": "Bat form",
	"description": "Become a bat, you can fly but are smaller and have less health."
}