{
	"type": "origins:climbing",
	"hidden": true,
	"condition": {
		"type": "origins:and",
		"conditions": [{
				"type": "origins:fluid_height",
				"fluid": "minecraft:water",
				"comparison": ">",
				"compare_to": 0.0,
				"inverted": true
			},
			{
				"type": "origins:power_active",
				"power": "vampire:bat_toggle"
			}
		]
	},
	"hold_condition": {
		"type": "origins:and",
		"conditions": [{
				"type": "origins:fluid_height",
				"fluid": "minecraft:water",
				"comparison": ">",
				"compare_to": 0.0,
				"inverted": true
			},
			{
				"type": "origins:power_active",
				"power": "vampire:bat_toggle"
			}
		]
	}
}