{
	"type": "origins:stacking_status_effect",
	"min_stacks": 0,
	"max_stacks": 8,
	"duration_per_stack": 10,
	"effects": [
		{
			"effect": "minecraft:weakness",
			"is_ambient": true,
			"show_particles": false,
			"show_icon": false
		},
		{
			"effect": "minecraft:slowness",
			"is_ambient": true,
			"show_particles": false,
			"show_icon": false
		}
	],
	"condition": {
		"type": "origins:and",
		"conditions": [{
				"type": "origins:exposed_to_sun"
			},
			{
				"type": "origins:power_active",
				"power": "vampire:bat_toggle",
				"inverted": true
			}
		]
	},
	"name": "Weak by sun",
	"description": "Being in contact with the sun makes you weak and slow."
}