{
	"powers": [
		"vampier:strong",
                "vampier:boost",
                "vampier:falldmg",
                "vampier:bloodbar",
                "vampier:description",
                "vampier:sunburn",
                "vampier:stake"
	],
	"icon": {
        "item": "potion",
        "tag": "{CustomPotionColor:4522754}"
    },
	"order": 1,
	"impact": 2,
	"name": "Vampire",
	"description": "Stronger, Better, and Faster than Humans, with a thirst for Blood, you yearn to truly sink your fangs into anyone. But as a Vampire, you have the commonly known downsides of being one."
}
