{
	"name": "Bloodthirsty",
	"description": "Instead of food, you rely on Blood to survive. Shifting and Right clicking entities will fill your blood bar. Some entities have better blood qualities than others.",
	"type": "origins:multiple",
	"resource": {
		"type": "origins:resource",
		"min": 0,
		"max": 100,
		"start_value": 100,
		"hud_render": {
			"should_render": true,
			"sprite_location": "origins:textures/gui/community/spiderkolo/resource_bar_01.png",
			"bar_index": 5,
			"condition": {
				"type": "origins:or",
				"inverted": true,
				"conditions": [
					{
						"type": "origins:gamemode",
						"gamemode": "creative"
					},
					{
						"type": "origins:gamemode",
						"gamemode": "spectator"
					}
				]
			}
		}
	},

	"no_healing": {
		"type": "origins:disable_regen"
	},
	"heal_from_resource_night": {
		"type": "origins:action_over_time",
		"interval": 30,
		"entity_action": {
			"type": "origins:and",
			"actions": [
				{
					"type": "origins:heal",
					"amount": 1
				},
				{
					"type": "origins:change_resource",
					"resource": "*:*_resource",
					"change": -2
				}
			]
		},
		"condition": {
			"type": "origins:and",
			"conditions": [
				{
					"type": "origins:resource",
					"resource": "*:*_resource",
					"comparison": ">",
					"compare_to": 0
				},
				{
					"type": "origins:relative_health",
					"comparison": "<",
					"compare_to": 1
				},
				{
					"type": "origins:exposed_to_sun",
					"inverted": true
				}
			]
		}
	},
	"heal_from_resource_day": {
		"type": "origins:action_over_time",
		"interval": 30,
		"entity_action": {
			"type": "origins:and",
			"actions": [
				{
					"type": "origins:heal",
					"amount": 1
				},
				{
					"type": "origins:change_resource",
					"resource": "*:*_resource",
					"change": -4
				}
			]
		},
		"condition": {
			"type": "origins:and",
			"conditions": [
				{
					"type": "origins:resource",
					"resource": "*:*_resource",
					"comparison": ">",
					"compare_to": 0
				},
				{
					"type": "origins:relative_health",
					"comparison": "<",
					"compare_to": 1
				},
				{
					"type": "origins:exposed_to_sun",
					"inverted": true
				}
			]
		}
	},
	"disable_hunger_loss": {
		"type": "origins:action_over_time",
		"interval": 5,
		"entity_action": {
			"type": "origins:feed",
			"food": 20,
			"saturation": 20
		}
	},
	"sprinting_lower_resource_night": {
		"type": "origins:action_over_time",
		"interval": 140,
		"entity_action": {
			"type": "origins:change_resource",
			"resource": "*:*_resource",
			"change": -1
		},
		"condition": {
			"type": "origins:and",
			"conditions": [
				{
					"type": "origins:sprinting"
				},
				{
					"type": "origins:resource",
					"resource": "*:*_resource",
					"comparison": ">",
					"compare_to": 30
				},
				{
					"type": "origins:or",
					"inverted": true,
					"conditions": [
						{
							"type": "origins:gamemode",
							"gamemode": "creative"
						},
						{
							"type": "origins:gamemode",
							"gamemode": "spectator"
						}
					]
				},
				{
					"type": "origins:exposed_to_sun",
					"inverted": true
				}
			]
		}
	},
	"sprinting_lower_resource_day": {
		"type": "origins:action_over_time",
		"interval": 140,
		"entity_action": {
			"type": "origins:change_resource",
			"resource": "*:*_resource",
			"change": -2
		},
		"condition": {
			"type": "origins:and",
			"conditions": [
				{
					"type": "origins:sprinting"
				},
				{
					"type": "origins:resource",
					"resource": "*:*_resource",
					"comparison": ">",
					"compare_to": 30
				},
				{
					"type": "origins:or",
					"inverted": true,
					"conditions": [
						{
							"type": "origins:gamemode",
							"gamemode": "creative"
						},
						{
							"type": "origins:gamemode",
							"gamemode": "spectator"
						}
					]
				},
				{
					"type": "origins:exposed_to_sun",
					"inverted": false
				}
			]
		}
	},
	"no_sprinting":{
		"type": "origins:conditioned_attribute",
	    "modifier": {
	        "attribute": "minecraft:generic.movement_speed",
	        "operation": "addition",
	        "value": -0.023,
	        "name": "No Sprint"
	    },
		"tick_rate": 1,
		"condition": {
			"type": "origins:and",
			"conditions": [
				{
					"type": "origins:sprinting"
				},
				{
					"type": "origins:resource",
					"resource": "*:*_resource",
					"comparison": "<=",
					"compare_to": 30
				},
				{
					"type": "origins:or",
					"inverted": true,
					"conditions": [
						{
							"type": "origins:gamemode",
							"gamemode": "creative"
						},
						{
							"type": "origins:gamemode",
							"gamemode": "spectator"
						}
					]
				}
			]
		}
	},
	"no_eating": {
		"type": "origins:prevent_item_use",
		"item_condition": {
			"type": "origins:food"
		}
	},
	"sprint_jump_lower_resource": {
		"type": "origins:active_self",
		"entity_action": {
			"type": "origins:chance",
			"chance": 0.01,
			"action": {
				"type": "origins:change_resource",
				"resource": "*:*_resource",
				"change": -1
			}
		},
		"cooldown": 15,
		"key": {
			"key": "key.jump"
		},
		"condition": {
			"type": "origins:and",
			"conditions": [
				{
					"type": "origins:sprinting"
				},
				{
					"type": "origins:resource",
					"resource": "*:*_resource",
					"comparison": ">",
					"compare_to": 30
				},
				{
					"type": "origins:or",
					"inverted": true,
					"conditions": [
						{
							"type": "origins:gamemode",
							"gamemode": "creative"
						},
						{
							"type": "origins:gamemode",
							"gamemode": "spectator"
						}
					]
				}
			]
		}
	},
	"damage_when_no_blood_easy": {
		"type": "origins:damage_over_time",
		"interval": 20,
		"damage": 1,
		"damage_source": {
			"name": "starve",
			"bypasses_armor": true,
			"unblockable": true
		},
		"condition": {
			"type": "origins:and",
			"conditions": [
				{
					"type": "origins:resource",
					"resource": "*:*_resource",
					"comparison": "==",
					"compare_to": 0
				},
				{
					"type": "origins:command",
					"command": "difficulty",
					"comparison": "==",
					"compare_to": 1
				},
				{
					"type": "origins:relative_health",
					"comparison": ">",
					"compare_to": 0.5
				}
			]
		}
	},
	"damage_when_no_blood_normal": {
		"type": "origins:damage_over_time",
		"interval": 20,
		"damage": 1,
		"damage_source": {
			"name": "starve",
			"bypasses_armor": true,
			"unblockable": true
		},
		"condition": {
			"type": "origins:and",
			"conditions": [
				{
					"type": "origins:resource",
					"resource": "*:*_resource",
					"comparison": "==",
					"compare_to": 0
				},
				{
					"type": "origins:command",
					"command": "difficulty",
					"comparison": "==",
					"compare_to": 2
				},
				{
					"type": "origins:relative_health",
					"comparison": ">",
					"compare_to": 0.05
				}
			]
		}
	},
	"damage_when_no_blood_hard": {
		"type": "origins:damage_over_time",
		"interval": 20,
		"damage": 1,
		"damage_source": {
			"name": "starve",
			"bypasses_armor": true,
			"unblockable": true
		},
		"condition": {
			"type": "origins:and",
			"conditions": [
				{
					"type": "origins:resource",
					"resource": "*:*_resource",
					"comparison": "==",
					"compare_to": 0
				},
				{
					"type": "origins:command",
					"command": "difficulty",
					"comparison": "==",
					"compare_to": 3
				}
			]
		}
	},


	"drink_blood_low": {
		"type": "origins:action_on_entity_use",
		"bientity_action": {
			"type": "origins:and",
			"actions": [
				{
					"type": "origins:target_action",
					"action": {
						"type": "origins:and",
						"actions": [
							{
								"type": "origins:damage",
								"amount": 1,
								"source": {
									"name": "thorns"
								}
							},
							{
								"type": "origins:apply_effect",
								"effects": [
									{
										"effect": "minecraft:slowness",
										"duration": 60,
										"amplifier": 3,
										"is_ambient": false,
										"show_particles": false,
										"show_icon": false
									},
									{
										"effect": "minecraft:nausea",
										"duration": 60,
										"amplifier": 3,
										"is_ambient": false,
										"show_particles": false,
										"show_icon": false
									}
								]
							}
						]
					}
				},
				{
					"type": "origins:actor_action",
					"action": {
						"type": "origins:change_resource",
						"resource": "*:*_resource",
						"change": 3
					}
				}
			]
		},
		"bientity_condition": {
			"type": "origins:target_condition",
			"condition": {
				"type": "origins:in_tag",
				"tag": "vampier:lowblood"
			}
		},
		"condition": {
			"type": "origins:and",
			"conditions": [
				{
					"type": "origins:resource",
					"resource": "*:*_resource",
					"comparison": "<",
					"compare_to": 100
				},
				{
					"type": "origins:sneaking"
				}
			]
		},
		"item_condition": {
			"type": "origins:empty"
		},
		"hands": [
			"main_hand"
		]
	},

	"drink_blood_high": {
		"type": "origins:action_on_entity_use",
		"bientity_action": {
			"type": "origins:and",
			"actions": [
				{
					"type": "origins:target_action",
					"action": {
						"type": "origins:and",
						"actions": [
							{
								"type": "origins:damage",
								"amount": 1,
								"source": {
									"name": "thorns"
								}
							},
							{
								"type": "origins:apply_effect",
								"effects": [
									{
										"effect": "minecraft:slowness",
										"duration": 60,
										"amplifier": 3,
										"is_ambient": false,
										"show_particles": false,
										"show_icon": false
									},
									{
										"effect": "minecraft:nausea",
										"duration": 60,
										"amplifier": 3,
										"is_ambient": false,
										"show_particles": false,
										"show_icon": false
									}
								]
							}
						]
					}
				},
				{
					"type": "origins:actor_action",
					"action": {
						"type": "origins:change_resource",
						"resource": "*:*_resource",
						"change": 10
					}
				}
			]
		},
		"bientity_condition": {
			"type": "origins:target_condition",
			"condition": {
				"type": "origins:in_tag",
				"tag": "vampier:highblood"
			}
		},
		"condition": {
			"type": "origins:and",
			"conditions": [
				{
					"type": "origins:resource",
					"resource": "*:*_resource",
					"comparison": "<",
					"compare_to": 100
				},
				{
					"type": "origins:sneaking"
				}
			]
		},
		"item_condition": {
			"type": "origins:empty"
		},
		"hands": [
			"main_hand"
		]
	},

	"drink_blood_medium": {
		"type": "origins:action_on_entity_use",
		"bientity_action": {
			"type": "origins:and",
			"actions": [
				{
					"type": "origins:target_action",
					"action": {
						"type": "origins:and",
						"actions": [
							{
								"type": "origins:damage",
								"amount": 1,
								"source": {
									"name": "thorns"
								}
							},
							{
								"type": "origins:apply_effect",
								"effects": [
									{
										"effect": "minecraft:slowness",
										"duration": 60,
										"amplifier": 3,
										"is_ambient": false,
										"show_particles": false,
										"show_icon": false
									},
									{
										"effect": "minecraft:nausea",
										"duration": 60,
										"amplifier": 3,
										"is_ambient": false,
										"show_particles": false,
										"show_icon": false
									}
								]
							}
						]
					}
				},
				{
					"type": "origins:actor_action",
					"action": {
						"type": "origins:and",
						"actions": [
							{
								"type": "origins:change_resource",
								"resource": "*:*_resource",
								"change": 10
							},
							{
								"type": "origins:choice",
								"actions": [
									{
										"element": {
										"type": "origins:heal",
										"amount": 0
										},
										"weight": 1
									},
									{
										"element": {
										"type": "origins:heal",
										"amount": 1
										},
										"weight": 1
									},
									{
										"element": {
										"type": "origins:heal",
										"amount": 2
										},
										"weight": 1
									}
								]
							}
						]
					}
				}
			]
		},
		"bientity_condition": {
			"type": "origins:target_condition",
			"condition": {
				"type": "origins:in_tag",
				"tag": "vampier:mediumblood"
			}
		},
		"condition": {
			"type": "origins:and",
			"conditions": [
				{
					"type": "origins:resource",
					"resource": "*:*_resource",
					"comparison": "<",
					"compare_to": 100
				},
				{
					"type": "origins:sneaking"
				}
			]
		},
		"item_condition": {
			"type": "origins:empty"
		},
		"hands": [
			"main_hand"
		]
	},
	"strength": {
		"type": "origins:action_over_time",
		"interval": 1,
		"entity_action": {
			"type": "origins:apply_effect",
			"effect": {
				"effect": "minecraft:strength",
				"duration": 2,
				"amplifier": 0,
				"is_ambient": false,
				"show_particles": false,
				"show_icon": false
			}
		},
		"condition": {
			"type": "origins:resource",
			"resource": "*:*_resource",
			"comparison": ">=",
			"compare_to": 90
		}
	},
	"weak_in_sunlight": {
		"type": "origins:action_over_time",
		"interval": 1,
		"entity_action": {
			"type": "origins:apply_effect",
			"effect": {
				"effect": "minecraft:weakness",
				"duration": 2,
				"amplifier": 1,
				"show_particles": false,
				"show_icon": false,
				"is_ambient": false
			}
		},
		"condition": {
			"type": "origins:and",
			"conditions": [
				{
					"type": "origins:exposed_to_sun"
				},
				{
					"type": "origins:resource",
					"resource": "*:*_resource",
					"comparison": "<=",
					"compare_to": 50
				}
			]
		}
	},
	"burn_in_sunlight": {
			"type": "origins:burn",
			"interval": 1,
			"burn_duration": 2,
		"condition": {
			"type": "origins:and",
			"conditions": [
				{
					"type": "origins:exposed_to_sun"
				},
				{
					"type": "origins:resource",
					"resource": "*:*_resource",
					"comparison": "<=",
					"compare_to": 10
				}
			]
		}
	}
}