{
  "type": "origins:active_self",
  "entity_action": {
    "type": "origins:and",
    "actions": [
      {
        "type": "origins:execute_command",
        "command": "particle minecraft:large_smoke ~ ~ ~ 0.5 0 0.5 0.2 20 force",
        "permission_level": 4
      },
      {
        "type": "origins:execute_command",
        "command": "playsound minecraft:entity.ghast.shoot player @a[distance=..10] ~ ~ ~ 1 1 1",
        "permission_level": 4
      },
      {
        "type": "origins:add_velocity",
        "z": 6,
        "space": "local"
      },
      {
        "type": "origins:add_velocity",
        "y": 1.5
      }
    ]
  },
  "key": {
    "key": "key.origins.primary_active",
    "continuous": false
  },
  "cooldown": 30,
  "hud_render": {
    "should_render": true,
    "sprite_location": "origins:textures/gui/community/spiderkolo/resource_bar_03.png",
    "bar_index": 23
  },

  "name": "Rush",
  "description": "You vastly increase your velocity in whatever direction you look, leaving smoke behind."
}