{
    "type": "origins:modify_damage_taken",
    "damage_condition": {
        "type": "origins:attacker",
        "entity_condition": {
            "type": "origins:equipped_item",
            "equipment_slot": "mainhand",
            "item_condition": {
                "type": "origins:ingredient",
                "ingredient": {
                    "type": "origins:in_tag",
                    "tag": "vampier:wooden"
                }
            }
        }
    },
    "modifier": {
        "name": "weak to wooden items",
        "operation": "addition",
        "value": 10
    },
    "name": "Vunerable",
    "description": "Wooden tools, sticks, and Iron tools will deal triple the damage to you."
}