{
    "type": "origins:stacking_status_effect",
    "min_stacks": -20,
    "max_stacks": 361,
    "duration_per_stack": 10,
    "effects": [
        {
            "effect": "minecraft:speed",
            "amplifier": 1,
			"is_ambient": true,
            "show_particles": false,
            "show_icon": false
        },
        {
            "effect": "minecraft:night_vision",
            "amplifier": 5,
			"is_ambient": true,
            "show_particles": false,
            "show_icon": false
        },
        {
            "effect": "minecraft:strength",
            "amplifier": 1,
			"is_ambient": true,
            "show_particles": false,
            "show_icon": false
        }
    ],
	"name": "Advanced",
	"description": "Compared to humans, you are stronger, faster, and can see much better in the dark."
}